City,lat,lng,Max Temp,Humidity,Clouds,Wind Speed,Country,Date
0,Albany,42.6,-73.97,73.0,45,16,7.47,US,1600898722
1,Rikitea,-23.12,-134.97,72.79,73,1,11.99,PF,1600898722
2,Malbork,54.04,19.03,64.4,63,50,7.63,PL,1600898723
3,Sivaki,52.63,126.75,49.78,96,100,9.8,RU,1600898723
4,Bousso,10.48,16.71,73.76,89,100,4.97,TD,1600898723
5,Peleduy,59.63,112.74,42.26,87,0,2.86,RU,1600898723
6,Gorontalo,0.54,123.06,74.55,87,93,2.55,ID,1600898723
7,Qaqortoq,60.72,-46.03,39.2,41,100,4.7,GL,1600898724
8,Kapaa,22.08,-159.32,86.0,66,20,13.87,US,1600898629
9,Zyryanka,65.75,150.85,41.02,83,69,5.91,RU,1600898724
10,Filingué,14.35,3.32,92.88,34,5,8.34,NE,1600898724
11,Ushuaia,-54.8,-68.3,51.8,50,40,17.22,AR,1600898494
12,Barrow,71.29,-156.79,32.0,89,90,4.97,US,1600898724
13,Mataura,-46.19,168.86,57.0,70,70,5.01,NZ,1600898584
14,Lagoa,39.05,-27.98,65.28,71,100,19.15,PT,1600898725
15,Hermanus,-34.42,19.23,55.0,88,0,5.99,ZA,1600898725
16,Ponta do Sol,32.67,-17.1,75.2,73,20,3.36,PT,1600898725
17,Guilin,25.28,110.29,68.0,94,90,5.5,CN,1600898725
18,Puerto Ayora,-0.74,-90.35,69.01,85,100,11.01,EC,1600898725
19,Butaritari,3.07,172.79,82.8,72,100,15.41,KI,1600898725
20,Camalú,30.85,-116.07,89.01,20,0,8.01,MX,1600898726
21,Yellowknife,62.46,-114.35,55.0,71,75,9.17,CA,1600898726
22,Vaini,-21.2,-175.2,75.2,78,20,11.41,TO,1600898726
23,Saint-Philippe,-21.36,55.77,66.2,55,0,6.93,RE,1600898726
24,Goderich,43.75,-81.72,73.0,82,0,1.83,CA,1600898436
25,Carnarvon,-24.87,113.63,64.4,88,75,4.7,AU,1600898726
26,Liepāja,56.54,21.04,60.8,87,71,5.82,LV,1600898726
27,Hervey Bay,-25.3,152.85,69.01,88,99,1.01,AU,1600898727
28,Hilo,19.73,-155.09,78.8,83,90,3.36,US,1600898727
29,Aztec,36.82,-107.99,84.2,16,1,20.8,US,1600898727
30,Katsuura,35.13,140.3,68.0,90,100,1.99,JP,1600898727
31,Cape Town,-33.93,18.42,57.99,93,75,12.75,ZA,1600898519
32,Punta Arenas,-53.15,-70.92,53.6,50,75,38.03,CL,1600898727
33,Castro,-24.79,-50.01,58.35,86,24,7.43,BR,1600898457
34,Faya,18.39,42.45,69.8,20,88,5.82,SA,1600898728
35,Nastola,60.95,25.93,55.4,93,0,5.82,FI,1600898728
36,Ambilobe,-13.2,49.05,65.97,72,51,4.32,MG,1600898728
37,Guerrero Negro,27.98,-114.06,87.96,35,0,14.92,MX,1600898728
38,Cabo San Lucas,22.89,-109.91,89.6,59,20,19.46,MX,1600898729
39,Avarua,-21.21,-159.78,77.0,88,100,11.41,CK,1600898729
40,Khovd,48.01,91.64,47.82,51,26,4.83,MN,1600898729
41,Makarov,48.63,142.8,53.29,76,48,4.41,RU,1600898729
42,New Norfolk,-42.78,147.06,46.0,75,70,1.01,AU,1600898729
43,Saint George,37.1,-113.58,96.01,14,1,8.05,US,1600898730
44,Flin Flon,54.77,-101.86,57.2,54,40,6.93,CA,1600898730
45,Bluff,-46.6,168.33,57.0,70,88,5.01,NZ,1600898560
46,Saint-Pierre,-21.34,55.48,66.2,55,0,6.93,RE,1600898579
47,Longyearbyen,78.22,15.64,30.2,92,75,6.93,SJ,1600898504
48,Port Elizabeth,-33.92,25.57,53.6,93,0,4.7,ZA,1600898681
49,Mar del Plata,-38.0,-57.56,55.4,71,50,9.17,AR,1600898679
50,Ubari,26.59,12.78,75.7,25,0,4.07,LY,1600898730
51,Dingle,11.0,122.67,75.81,88,86,2.21,PH,1600898731
52,Karaj,35.84,51.01,75.2,37,0,6.93,IR,1600898731
53,Sveti Nikole,41.87,21.95,62.6,82,17,2.24,MK,1600898731
54,Lüderitz,-26.65,15.16,59.76,64,0,3.33,NA,1600898731
55,Lompoc,34.64,-120.46,78.01,50,1,12.75,US,1600898670
56,Muravlenko,63.79,74.52,39.4,87,88,8.46,RU,1600898731
57,Blagoyevo,63.37,47.92,38.25,92,26,3.62,RU,1600898732
58,Bilma,18.69,12.92,90.27,15,0,6.11,NE,1600898732
59,Japura,-0.32,102.35,73.87,97,100,1.92,ID,1600898732
60,Saskylakh,71.92,114.08,43.66,76,0,13.4,RU,1600898732
61,Hong Kong,22.29,114.16,82.99,86,80,4.97,HK,1600898581
62,Maceió,-9.67,-35.74,77.0,78,20,10.29,BR,1600898733
63,Varkala,8.73,76.71,78.8,94,90,4.7,IN,1600898733
64,Qaanaaq,77.48,-69.36,16.88,84,100,12.66,GL,1600898733
65,Greenville,35.61,-77.37,72.0,56,1,4.09,US,1600898733
66,Talnakh,69.49,88.4,41.0,86,81,11.18,RU,1600898733
67,Ribeira Grande,38.52,-28.7,65.66,72,55,23.98,PT,1600898733
68,Bay Roberts,47.6,-53.26,70.0,83,40,19.46,CA,1600898734
69,Esperance,-33.87,121.9,42.8,100,40,6.93,AU,1600898734
70,Pareora,-44.49,171.21,57.76,61,59,5.39,NZ,1600898734
71,Bend,44.06,-121.32,75.0,36,100,7.0,US,1600898450
72,Provideniya,64.38,-173.3,42.8,65,68,4.16,RU,1600898734
73,Kaitangata,-46.28,169.85,53.62,65,96,6.15,NZ,1600898734
74,Epe,6.58,3.98,75.51,93,98,4.59,NG,1600898735
75,Hithadhoo,-0.6,73.08,81.84,62,100,4.41,MV,1600898493
76,Wau,7.7,28.0,72.34,89,100,1.39,SS,1600898735
77,Lenine,45.3,35.78,65.8,63,0,2.24,UA,1600898735
78,Comodoro Rivadavia,-45.87,-67.5,66.2,29,0,11.41,AR,1600898735
79,Hammerfest,70.66,23.68,50.0,76,40,36.91,NO,1600898736
80,Chokurdakh,70.63,147.92,37.54,92,100,5.19,RU,1600898736
81,Hobart,-42.88,147.33,46.4,75,75,8.05,AU,1600898448
82,Arraial do Cabo,-22.97,-42.03,69.8,94,75,2.24,BR,1600898736
83,Krasnosel'kup,65.7,82.47,39.65,82,83,11.48,RU,1600898736
84,Naze,28.37,129.48,78.8,100,75,6.93,JP,1600898689
85,Husavik,66.04,-17.34,33.8,90,90,3.36,IS,1600898737
86,Vila,42.03,-8.16,55.99,91,100,4.0,PT,1600898737
87,Jamestown,42.1,-79.24,70.0,60,1,10.29,US,1600898585
88,Ancud,-41.87,-73.82,53.01,68,66,3.0,CL,1600898737
89,Winchester,51.07,-1.32,48.99,81,34,10.29,GB,1600898552
90,Puerto del Rosario,28.5,-13.86,78.8,69,20,14.99,ES,1600898737
91,Alice Springs,-23.7,133.88,50.0,39,0,8.77,AU,1600898737
92,Madona,56.85,26.22,55.58,95,6,4.59,LV,1600898738
93,Labuan,5.28,115.24,77.0,94,40,4.43,MY,1600898738
94,Nikolskoye,59.7,30.79,60.01,82,39,4.47,RU,1600898738
95,Christchurch,-43.53,172.63,62.6,55,0,8.05,NZ,1600898738
96,Saiha,22.48,92.97,70.29,92,100,2.35,IN,1600898738
97,Busselton,-33.65,115.33,54.0,53,0,13.96,AU,1600898739
98,Aktash,50.3,87.73,27.54,90,100,6.31,RU,1600898739
99,Malinyi,-8.93,36.13,77.05,54,57,1.23,TZ,1600898739
100,Lethem,3.38,-59.8,87.08,57,77,2.59,GY,1600898739
101,Bredasdorp,-34.53,20.04,50.0,93,0,2.1,ZA,1600898739
102,Tasiilaq,65.61,-37.64,30.2,58,77,4.7,GL,1600898740
103,Korla,41.76,86.15,62.56,30,9,3.65,CN,1600898740
104,Saint Paul Harbor,57.79,-152.41,55.4,76,90,3.36,US,1600898718
105,Janfida,40.04,44.02,64.4,52,0,1.12,AM,1600898740
106,Craig,40.52,-107.55,78.8,16,1,11.41,US,1600898740
107,Fort Nelson,58.81,-122.7,53.6,76,75,1.16,CA,1600898741
108,Broome,42.25,-75.83,75.0,40,1,11.41,US,1600898741
109,Atuona,-9.8,-139.03,78.13,71,13,20.71,PF,1600898741
110,Mayo,38.89,-76.51,78.8,44,1,6.93,US,1600898741
111,Bodden Town,19.28,-81.25,84.99,83,40,5.73,KY,1600898465
112,Carbonia,39.17,8.52,75.0,88,20,3.36,IT,1600898741
113,Ingham,42.6,-84.38,75.99,50,1,8.05,US,1600898742
114,Cururupu,-1.83,-44.87,76.19,83,10,4.23,BR,1600898742
115,Yarmouth,41.71,-70.23,70.0,69,38,8.34,US,1600898742
116,Dīr,35.21,71.88,62.26,34,0,4.32,PK,1600898512
117,Avera,33.19,-82.53,75.2,57,1,3.36,US,1600898742
118,Nuuk,64.18,-51.72,37.4,37,75,18.34,GL,1600898742
119,Thompson,55.74,-97.86,55.4,50,75,9.17,CA,1600898743
120,Mahon,39.89,4.27,75.2,83,0,10.29,ES,1600898743
121,Martyush,56.4,61.88,43.79,78,76,17.07,RU,1600898743
122,Virden,39.5,-89.77,75.0,68,82,7.0,US,1600898743
123,Buchanan,5.88,-10.05,77.34,89,67,8.81,LR,1600898712
124,Gordeyevka,52.96,31.97,53.26,61,2,6.6,RU,1600898743
125,Tall Kayf,37.08,41.07,77.0,41,0,6.93,TR,1600898744
126,Bandarbeyla,9.49,50.81,79.18,72,57,28.36,SO,1600898744
127,Norman Wells,65.28,-126.83,55.4,50,75,8.05,CA,1600898744
128,Najrān,17.49,44.13,75.2,24,63,1.83,SA,1600898744
129,Mossamedes,-15.2,12.15,65.3,82,90,4.79,AO,1600898744
130,Ilulissat,69.22,-51.1,26.6,49,0,5.82,GL,1600898744
131,Ustka,54.58,16.86,63.61,81,82,5.99,PL,1600898745
132,Tuktoyaktuk,69.45,-133.04,39.2,86,75,12.75,CA,1600898745
133,Hobyo,5.35,48.53,76.89,85,0,22.06,SO,1600898745
134,Klaksvík,62.23,-6.59,44.6,93,95,12.75,FO,1600898745
135,Torbay,47.67,-52.73,66.99,93,75,24.16,CA,1600898724
136,Poya,-21.35,165.15,75.4,56,3,4.68,NC,1600898745
137,Faanui,-16.48,-151.75,78.87,79,3,15.88,PF,1600898582
138,Kedrovyy,56.17,91.82,37.4,100,2,5.64,RU,1600898746
139,Airai,-8.93,125.41,61.2,53,0,3.38,TL,1600898746
140,George Town,5.41,100.34,77.0,94,40,3.36,MY,1600898707
141,Kovdor,67.57,30.48,46.31,90,100,10.69,RU,1600898746
142,Ciudad Real,39.0,-4.0,69.01,67,45,1.01,ES,1600898746
143,Upernavik,72.79,-56.15,27.3,93,100,8.95,GL,1600898747
144,Tiksi,71.69,128.87,40.28,82,3,10.18,RU,1600898747
145,Poum,-20.23,164.02,73.31,70,3,13.91,NC,1600898747
146,Clyde River,70.47,-68.59,33.8,74,75,13.87,CA,1600898747
147,Hainburg,50.07,8.95,62.01,74,89,6.33,DE,1600898747
148,Cayenne,4.93,-52.33,82.4,78,100,6.93,GF,1600898748
149,Ossora,59.24,163.07,44.37,59,0,5.84,RU,1600898748
150,Karasjok,69.47,25.51,50.0,76,75,21.92,NO,1600898748
151,Nanortalik,60.14,-45.24,39.83,72,100,10.96,GL,1600898748
152,Palana,59.12,159.97,39.99,75,0,6.2,RU,1600898748
153,Yerbogachën,61.28,108.01,41.5,90,60,4.14,RU,1600898748
154,Pak Phanang,8.35,100.2,79.93,83,8,5.46,TH,1600898749
155,East London,-33.02,27.91,67.17,56,6,0.45,ZA,1600898749
156,Burlington,39.88,-74.64,80.6,36,1,11.41,US,1600898597
157,Whitianga,-36.83,175.7,62.01,89,72,3.0,NZ,1600898749
158,Vardø,70.37,31.11,48.2,76,75,11.41,NO,1600898749
159,Porciúncula,-20.96,-42.04,65.39,89,100,2.62,BR,1600898749
160,Wilmington,34.23,-77.94,75.2,44,1,8.05,US,1600898750
161,Batagay,67.63,134.63,38.35,77,74,1.83,RU,1600898750
162,Constitución,-35.33,-72.42,57.97,69,100,12.17,CL,1600898750
163,Pirovskoye,57.63,92.27,39.9,94,67,6.31,RU,1600898750
164,Øksfjord,70.24,22.35,51.8,62,53,32.21,NO,1600898750
165,Dikson,73.51,80.55,39.11,90,16,16.55,RU,1600898751
166,Souillac,-20.52,57.52,68.0,77,40,3.36,MU,1600898751
167,Cairns,-16.92,145.77,73.4,78,75,8.05,AU,1600898751
168,Caramoran,13.98,124.13,80.6,80,100,4.29,PH,1600898751
169,Harper,4.38,-7.72,76.1,90,42,9.46,LR,1600898751
170,Rudnaya Pristan',44.36,135.81,54.45,77,99,8.95,RU,1600898751
171,Ahipara,-35.17,173.17,61.92,80,86,13.47,NZ,1600898751
172,Norrtälje,59.76,18.7,57.99,93,0,3.36,SE,1600898562
173,Manadhoo,5.77,73.38,81.75,79,91,13.0,MV,1600898752
174,Mali,12.08,-12.3,75.2,83,40,1.61,GN,1600898752
175,Ust'-Ishim,57.69,71.17,41.34,93,100,11.18,RU,1600898752
176,Kropachëvo,55.01,57.99,36.3,94,47,8.68,RU,1600898752
177,Bétérou,9.2,2.26,73.49,94,17,2.95,BJ,1600898753
178,Caramay,10.18,119.24,79.52,81,87,3.38,PH,1600898753
179,Makakilo City,21.35,-158.09,87.8,58,90,10.29,US,1600898494
180,Kununurra,-15.77,128.73,77.0,83,40,3.36,AU,1600898753
181,Mahébourg,-20.41,57.7,68.0,77,40,3.36,MU,1600898753
182,Villa del Rosario,7.83,-72.47,91.4,41,40,14.99,CO,1600898753
183,Makīnsk,52.63,70.42,41.2,81,75,23.06,KZ,1600898754
184,Shirvan,39.95,48.9,67.24,66,0,2.01,AZ,1600898754
185,Ixtapa,20.7,-105.2,89.6,70,75,9.17,MX,1600898754
186,Hokitika,-42.72,170.97,56.41,82,57,5.75,NZ,1600898754
187,Erenhot,43.65,111.98,56.75,45,41,7.49,CN,1600898754
188,Cherskiy,68.75,161.3,40.5,92,100,13.02,RU,1600898754
189,Tura,25.52,90.22,73.62,96,100,4.74,IN,1600898755
190,Hosanagara,13.92,75.07,68.68,98,60,4.74,IN,1600898755
191,Wolgast,54.05,13.77,57.0,76,0,4.63,DE,1600898755
192,Nhulunbuy,-12.23,136.77,73.4,88,0,8.3,AU,1600898474
193,Praia da Vitória,38.73,-27.07,66.0,88,75,19.08,PT,1600898755
194,Rawson,-43.3,-65.1,60.24,33,0,16.02,AR,1600898755
195,Laas,46.62,10.7,57.2,100,90,3.36,IT,1600898756
196,Rágama,41.0,-5.13,57.2,93,56,2.24,ES,1600898756
197,Cockburn Town,21.46,-71.14,86.0,66,40,9.17,TC,1600898756
198,Camacha,33.08,-16.33,73.4,88,40,10.29,PT,1600898616
199,Kismayo,-0.36,42.55,78.44,75,93,16.33,SO,1600898756
200,Kimbe,-5.55,150.14,81.68,77,77,1.59,PG,1600898756
201,São Filipe,14.9,-24.5,80.73,79,34,5.79,CV,1600898757
202,Matagami,49.75,-77.63,59.0,77,90,4.7,CA,1600898757
203,Port Alfred,-33.59,26.89,60.93,80,0,2.17,ZA,1600898757
204,Saint Anthony,45.02,-93.22,84.2,42,1,8.05,US,1600898757
205,Bengkulu,-3.8,102.27,77.99,86,100,7.49,ID,1600898757
206,Portland,45.52,-122.68,64.99,77,90,14.99,US,1600898718
207,Cidreira,-30.18,-50.21,62.74,88,54,12.97,BR,1600898577
208,East Wenatchee Bench,47.43,-120.28,66.0,68,75,4.7,US,1600898758
209,Saldanha,-33.01,17.94,53.6,81,0,4.7,ZA,1600898758
210,Biskamzha,53.45,89.53,38.82,87,96,3.47,RU,1600898758
211,Porto-Novo,6.5,2.6,80.6,83,40,11.41,BJ,1600898758
212,Batagay-Alyta,67.8,130.41,35.2,83,88,0.85,RU,1600898758
213,Greeneville,36.16,-82.83,64.99,68,1,0.56,US,1600898759
214,Ulladulla,-35.35,150.47,55.4,58,20,8.05,AU,1600898759
215,Vestmannaeyjar,63.44,-20.27,38.95,73,0,22.82,IS,1600898759
216,Tuatapere,-46.13,167.68,57.0,70,79,5.01,NZ,1600898759
217,Mānsa,29.98,75.38,81.01,67,14,5.3,IN,1600898759
218,Ōdachō-ōda,35.18,132.5,68.0,100,75,1.12,JP,1600898760
219,Bubaque,11.28,-15.83,81.28,81,28,10.56,GW,1600898760
220,Sola,-13.88,167.55,82.4,74,40,2.24,VU,1600898760
221,Vila Franca do Campo,37.72,-25.43,64.4,77,40,25.28,PT,1600898760
222,Kavaratti,10.57,72.64,80.83,81,90,17.16,IN,1600898760
223,Chui,-33.7,-53.46,55.35,92,100,5.84,UY,1600898761
224,Trincomalee,8.57,81.23,80.76,74,100,15.08,LK,1600898761
225,Tailai,46.38,123.4,51.91,90,5,4.12,CN,1600898762
226,Novopokrovka,49.84,36.55,50.0,71,0,5.28,UA,1600898762
227,Waddān,29.16,16.14,80.06,29,0,5.46,LY,1600898762
228,Aykino,62.22,49.99,36.99,94,0,3.36,RU,1600898762
229,Changli,39.7,119.15,60.91,83,100,2.17,CN,1600898763
230,Muros,42.78,-9.06,61.0,93,92,1.01,ES,1600898763
231,Neryungri,56.67,124.65,37.78,81,25,2.42,RU,1600898763
232,Watari,38.03,140.85,64.4,88,75,8.05,JP,1600898763
233,Lingyuan,41.24,119.4,53.98,83,100,2.42,CN,1600898764
234,Nyamuswa,-1.9,34.02,69.8,88,20,3.51,TZ,1600898764
235,Makokou,0.57,12.86,68.72,97,82,2.95,GA,1600898764
236,Port Moresby,-9.44,147.18,78.8,83,75,3.36,PG,1600898700
237,Heihe,50.24,127.49,51.8,100,75,8.95,CN,1600898765
238,Khatanga,71.97,102.5,45.82,91,99,4.36,RU,1600898765
239,Opuwo,-18.06,13.84,66.16,30,35,1.7,NA,1600898765
240,Oddur,4.12,43.89,73.17,77,5,15.12,SO,1600898765
241,Alekseyevka,50.63,38.69,57.06,49,0,3.27,RU,1600898765
242,Wangou,42.06,126.91,49.59,92,94,2.21,CN,1600898766
243,Shimoda,34.67,138.95,66.0,81,98,5.01,JP,1600898587
244,Severo-Kuril'sk,50.68,156.12,48.97,73,8,13.11,RU,1600898766
245,Aykhal,66.0,111.5,41.0,60,20,6.71,RU,1600898766
246,Port Lincoln,-34.73,135.87,51.51,69,81,13.47,AU,1600898767
247,Morehead,37.27,-87.18,69.8,68,90,5.48,US,1600898767
248,Vila Velha,-20.33,-40.29,73.0,94,90,9.17,BR,1600898767
249,Marsá Maţrūḩ,31.35,27.25,77.0,65,20,6.93,EG,1600898767
250,Vilyuysk,63.76,121.62,36.68,81,26,2.71,RU,1600898768
251,Asău,46.43,26.4,57.99,80,100,3.36,RO,1600898768
252,Nānākuli,21.39,-158.15,87.8,58,90,10.29,US,1600898768
253,Vostok,46.49,135.88,44.62,94,0,2.75,RU,1600898768
254,Pinega,64.7,43.39,39.52,86,10,6.91,RU,1600898768
255,Moindou,-21.69,165.68,77.0,50,0,10.29,NC,1600898769
256,Hambantota,6.12,81.12,77.0,94,20,1.12,LK,1600898769
257,Omboué,-1.57,9.26,75.42,82,30,7.83,GA,1600898769
258,Hay River,60.82,-115.8,64.4,39,75,8.05,CA,1600898769
259,Manicoré,-5.81,-61.3,87.64,50,79,1.83,BR,1600898770
260,Pedernales,18.04,-71.74,87.8,74,40,13.87,DO,1600898770
261,Antalaha,-14.9,50.28,65.89,79,44,8.23,MG,1600898770
262,Rio Claro,-22.41,-47.56,75.2,60,51,8.05,BR,1600898770
263,Verkhovyna,48.16,24.79,56.95,64,71,3.69,UA,1600898771
264,Kaeo,-35.1,173.78,66.0,75,75,14.0,NZ,1600898771
265,Egersund,58.45,6.0,50.0,98,100,1.66,NO,1600898581
266,Kościerzyna,54.12,17.98,66.0,63,45,5.39,PL,1600898771
267,Kumphawapi,17.11,103.01,77.0,92,100,2.84,TH,1600898772
268,Chornukhy,50.27,32.94,56.39,37,0,5.84,UA,1600898772
269,Beyneu,45.32,55.2,52.2,45,0,3.76,KZ,1600898772
270,Hasaki,35.73,140.83,70.0,100,75,20.8,JP,1600898514
271,Caceres,39.52,-6.37,64.99,89,42,4.0,ES,1600898772
272,Cabedelo,-6.98,-34.83,77.0,78,20,10.29,BR,1600898772
273,Namatanai,-3.67,152.43,83.64,61,82,2.71,PG,1600898773
274,Baykit,61.67,96.37,43.65,83,100,6.58,RU,1600898773
275,Plastun,44.76,136.29,51.24,84,82,4.99,RU,1600898773
276,Água Branca,-5.89,-42.64,88.72,28,65,3.74,BR,1600898773
277,Katobu,-4.94,122.53,74.19,89,95,2.57,ID,1600898773
278,Måløy,61.94,5.11,48.2,66,98,5.82,NO,1600898774
279,San Quintín,30.48,-115.95,81.27,45,0,14.16,MX,1600898774
280,Menzelinsk,55.73,53.1,44.6,65,22,4.47,RU,1600898774
281,Presidente Venceslau,-21.88,-51.84,74.43,58,0,5.68,BR,1600898774
282,Kasongo-Lunda,-6.47,16.82,73.65,84,39,1.45,CD,1600898774
283,Urengoy,65.97,78.37,36.25,90,64,8.79,RU,1600898775
284,Nemuro,43.32,145.57,57.02,73,13,15.99,JP,1600898775
285,Tilichiki,60.47,166.1,39.63,69,0,6.35,RU,1600898775
286,Itarema,-2.92,-39.92,78.6,74,4,18.43,BR,1600898776
287,Xiongzhou,25.12,114.3,66.94,87,97,2.42,CN,1600898776
288,Río Gallegos,-51.62,-69.22,62.6,36,40,18.34,AR,1600898776
289,Lyuban',52.8,28.0,53.24,56,58,7.54,BY,1600898776
290,Naryan-Mar,67.67,53.09,35.94,87,0,6.11,RU,1600898776
291,Olafsvik,64.89,-23.71,38.16,75,96,19.71,IS,1600898777
292,Bad Hofgastein,47.17,13.1,51.01,99,53,3.38,AT,1600898777
293,Jizan,17.33,42.67,89.6,75,96,6.93,SA,1600898777
294,Dunedin,-45.87,170.5,53.46,72,90,5.08,NZ,1600898777
295,Imbituba,-28.24,-48.67,68.0,68,20,13.87,BR,1600898495
296,Kangaba,11.93,-8.42,73.31,90,100,1.3,ML,1600898778
297,Ilhabela,-23.78,-45.36,68.18,85,98,12.35,BR,1600898727
298,Batavia,41.85,-88.31,78.01,50,1,10.29,US,1600898753
299,Aden,12.78,45.04,89.11,66,91,10.94,YE,1600898778
300,Savannah Bight,16.45,-85.85,84.92,68,37,7.74,HN,1600898778
301,Pevek,69.7,170.31,35.46,95,97,21.09,RU,1600898779
302,Oryol,52.97,36.08,55.47,61,90,4.79,RU,1600898779
303,Cleveland,41.5,-81.7,75.2,60,1,5.82,US,1600898745
304,Sayyan,15.17,44.32,63.0,28,100,5.55,YE,1600898779
305,Kahului,20.89,-156.47,89.6,52,40,20.8,US,1600898779
306,Tateyama,34.98,139.87,68.0,90,100,1.99,JP,1600898520
307,Senneterre,48.38,-77.23,68.0,52,40,6.93,CA,1600898779
308,Yar-Sale,66.83,70.83,35.71,89,2,5.14,RU,1600898780
309,Kuytun,54.34,101.5,39.7,86,27,3.18,RU,1600898780
310,Ketchikan,55.34,-131.65,57.2,87,90,27.51,US,1600898780
311,Los Llanos de Aridane,28.66,-17.92,77.0,73,93,1.12,ES,1600898780
312,Itarantim,-15.66,-40.07,71.8,76,24,9.35,BR,1600898781
313,Xapuri,-10.65,-68.5,93.2,49,47,3.36,BR,1600898781
314,Teknāf,20.86,92.31,79.25,89,100,8.39,BD,1600898781
315,Kargat,55.2,80.28,45.25,90,100,16.84,RU,1600898781
316,Wanaka,-44.7,169.15,52.34,59,19,7.09,NZ,1600898781
317,Sijunjung,-0.69,100.95,71.78,92,100,2.24,ID,1600898781
318,Kyra,49.58,111.98,33.87,89,0,2.91,RU,1600898782
319,‘Ewa Beach,21.32,-158.01,87.8,58,90,10.29,US,1600898630
320,Port Alberni,49.24,-124.8,61.0,88,100,7.0,CA,1600898782
321,Lorengau,-2.02,147.27,83.48,67,92,6.33,PG,1600898782
322,Grenfell,-33.9,148.17,44.19,94,17,6.64,AU,1600898783
323,Kamyshin,50.1,45.42,58.19,62,96,5.19,RU,1600898590
324,Pisco,-13.7,-76.22,66.2,72,9,9.17,PE,1600898783
325,Ipixuna,-1.76,-48.8,82.4,78,40,6.93,BR,1600898783
326,Wajima,37.4,136.9,72.95,75,68,14.18,JP,1600898783
327,Kavieng,-2.57,150.8,84.02,59,52,6.38,PG,1600898784
328,Salalah,17.02,54.09,78.8,88,75,5.82,OM,1600898741
329,Bethel,41.37,-73.41,75.0,55,0,1.99,US,1600898784
330,Coquimbo,-29.95,-71.34,55.4,87,90,10.29,CL,1600898784
331,Scarborough,54.28,-0.4,48.99,94,100,1.01,GB,1600898517
332,Bilibino,68.05,166.44,37.08,90,100,4.32,RU,1600898784
333,Preslav,43.17,26.82,59.86,89,35,3.53,BG,1600898670
334,Grindavik,63.84,-22.43,37.4,69,75,18.34,IS,1600898785
335,Kushiro,42.98,144.37,52.75,82,30,7.92,JP,1600898785
336,Malacacheta,-17.84,-42.08,66.99,90,96,4.41,BR,1600898785
337,Fairbanks,64.84,-147.72,51.01,76,90,4.72,US,1600898783
338,Caravelas,-17.71,-39.25,73.9,76,41,7.29,BR,1600898593
339,Padang,-0.95,100.35,75.65,86,100,5.32,ID,1600898669
340,Beringovskiy,63.05,179.32,42.85,65,79,11.95,RU,1600898785
341,Davila,18.47,120.58,77.0,94,20,3.36,PH,1600898786
342,Banjarmasin,-3.32,114.59,77.0,100,90,4.7,ID,1600898757
343,Câmara de Lobos,32.63,-16.97,75.2,73,20,3.36,PT,1600898786
344,Millinocket,45.66,-68.71,71.6,43,75,11.41,US,1600898593
345,Novoagansk,61.94,76.66,36.99,97,70,7.83,RU,1600898786
346,St. George's,12.06,-61.75,87.8,74,20,12.75,GD,1600898646
347,Sovetskiy,61.36,63.58,40.59,92,77,7.9,RU,1600898786
348,Uthal,25.81,66.62,83.98,64,97,3.06,PK,1600898787
349,Sabang,5.89,95.32,81.46,78,100,15.03,ID,1600898787
350,Dinar,38.06,30.17,69.8,46,0,5.82,TR,1600898787
351,Ponta Delgada,37.73,-25.67,64.4,77,40,25.28,PT,1600898787
352,Bail-Hongal,15.82,74.87,71.58,90,97,13.56,IN,1600898787
353,Cartagena,10.4,-75.51,89.6,75,40,4.7,CO,1600898653
354,Quatre Cocos,-20.21,57.76,68.0,77,40,3.36,MU,1600898788
355,Sydney,-33.87,151.21,61.0,47,20,6.93,AU,1600898670
356,Ambulu,-8.35,113.61,74.19,90,35,1.32,ID,1600898788
357,Aklavik,68.22,-135.01,37.4,100,90,10.29,CA,1600898788
358,Codrington,-38.27,141.97,45.1,89,72,10.58,AU,1600898788
359,Egvekinot,66.32,-179.17,39.81,71,34,2.53,RU,1600898789
360,Waitati,-45.75,170.57,54.93,68,94,5.03,NZ,1600898748
361,Banda Aceh,5.56,95.32,78.51,78,100,9.53,ID,1600898789
362,Bahía Blanca,-38.72,-62.27,64.78,39,0,10.29,AR,1600898785
363,Mahon,39.89,4.27,75.2,83,0,10.29,ES,1600898789
364,Arica,-18.48,-70.3,64.0,72,8,13.87,CL,1600898789
365,Batken,39.83,71.0,43.02,61,0,1.16,KG,1600898790
366,Manosque,43.83,5.79,59.0,92,9,2.59,FR,1600898790
367,Bhikangaon,21.87,75.95,77.47,88,100,6.24,IN,1600898790
368,Berlevåg,70.86,29.09,48.2,76,75,8.05,NO,1600898790
369,San Fernando del Valle de Catamarca,-28.47,-65.79,82.99,23,44,3.0,AR,1600898790
370,Praia,14.92,-23.51,80.6,78,20,5.82,CV,1600898791
371,Sitka,57.05,-135.33,57.2,76,90,5.82,US,1600898617
372,Alofi,-19.06,-169.92,77.0,78,75,8.05,NU,1600898791
373,Starachowice,51.04,21.07,62.01,1,26,4.16,PL,1600898791
374,Tubualá,9.52,-79.03,84.2,74,40,8.05,PA,1600898791
375,Rensvik,63.1,7.82,44.6,87,95,12.75,NO,1600898792
376,Rawlins,41.79,-107.24,75.2,14,1,23.04,US,1600898792
377,Carnot,4.94,15.87,68.22,94,86,2.62,CF,1600898792
378,Evensk,61.95,159.23,42.53,62,100,8.66,RU,1600898792
379,Preston,53.77,-2.72,50.0,87,40,6.93,GB,1600898793
380,Jalu,29.03,21.55,80.37,34,0,9.6,LY,1600898793
381,Inhambane,-23.86,35.38,65.32,76,0,8.39,MZ,1600898793
382,Bhairab Bāzār,24.07,90.97,80.6,88,75,11.41,BD,1600898793
383,Bereda,43.27,-7.54,60.01,90,100,5.01,ES,1600898794
384,Nicoya,10.15,-85.45,78.8,88,75,3.36,CR,1600898794
385,Gumdag,39.21,54.59,65.21,26,0,16.89,TM,1600898794
386,Masallātah,32.62,14.0,83.25,45,32,4.43,LY,1600898794
387,Samarai,-10.62,150.67,78.49,86,84,14.16,PG,1600898794
388,Venezuela,8.0,-66.0,88.25,64,98,7.07,VE,1600898548
389,Brooks,50.58,-111.89,73.99,34,59,5.01,CA,1600898795
390,Pangnirtung,66.15,-65.71,39.2,41,90,16.11,CA,1600898795
391,Barra Patuca,15.8,-84.28,85.75,63,13,7.81,HN,1600898795
392,Adrar,20.5,-10.07,97.9,18,72,13.62,MR,1600898795
393,Iguape,-24.71,-47.56,67.46,87,91,7.4,BR,1600898795
394,Champerico,14.3,-91.92,89.6,70,40,9.17,GT,1600898796
395,Pine Bluff,34.23,-92.0,62.6,93,90,8.05,US,1600898796
396,Skjervøy,70.03,20.97,47.61,68,77,28.66,NO,1600898796
397,Madingou,-4.15,13.55,78.1,69,15,6.69,CG,1600898796
398,Gilgit,35.92,74.31,69.17,25,45,1.95,PK,1600898796
399,Touros,-5.2,-35.46,77.0,78,20,12.75,BR,1600898797
400,Flinders,-34.58,150.86,59.0,59,0,7.0,AU,1600898797
401,Wanlaweyn,2.62,44.89,77.4,77,43,16.33,SO,1600898797
402,Uusikaupunki,60.8,21.41,57.2,93,75,6.93,FI,1600898797
403,Mildura,-34.2,142.15,46.99,100,5,5.82,AU,1600898745
404,Bānda,25.48,80.33,78.24,95,100,7.78,IN,1600898798
405,Yulara,-25.24,130.99,51.8,34,0,6.93,AU,1600898798
406,Tual,-5.67,132.75,79.95,83,20,13.44,ID,1600898798
407,Umluj,25.02,37.27,86.04,60,0,6.85,SA,1600898798
408,Yurla,59.33,54.32,38.16,95,7,7.34,RU,1600898798
409,Mátranovák,48.04,19.98,61.0,92,71,1.68,HU,1600898799
410,Babstovo,48.12,132.48,51.71,94,89,4.47,RU,1600898799
411,Laguna,38.42,-121.42,91.99,22,1,8.05,US,1600898788
412,Mazagão,-0.12,-51.29,87.8,66,10,11.41,BR,1600898799
413,Kirkwood,38.58,-90.41,77.0,56,75,3.36,US,1600898799
414,Arlit,18.74,7.39,94.32,15,0,14.45,NE,1600898799
415,Aswān,24.09,32.91,88.83,29,0,14.58,EG,1600898800
416,Dehlorān,32.69,47.27,88.48,13,0,7.81,IR,1600898563
417,Cortes,41.94,-1.44,71.6,64,51,5.82,ES,1600898800
418,Koutsouras,35.03,25.95,77.0,56,0,4.0,GR,1600898800
419,Santa Marta,11.24,-74.2,91.4,70,75,5.82,CO,1600898800
420,Bambanglipuro,-7.95,110.28,77.23,86,99,6.6,ID,1600898801
421,Prince Rupert,54.32,-130.32,57.2,76,90,10.29,CA,1600898801
422,Vangaindrano,-23.35,47.6,64.09,83,66,4.81,MG,1600898801
423,Teya,60.38,92.63,44.83,89,100,5.82,RU,1600898801
424,Talcahuano,-36.72,-73.12,62.6,63,34,13.87,CL,1600898802
425,Hofn,64.25,-15.21,39.22,71,37,15.99,IS,1600898802
426,Urusha,54.05,122.9,45.55,96,100,7.18,RU,1600898802
427,Nizhnevartovsk,60.93,76.55,39.2,93,20,8.95,RU,1600898802
428,Timrå,62.49,17.33,53.01,71,100,9.17,SE,1600898803
429,Sørland,67.67,12.69,42.8,75,75,23.04,NO,1600898803
430,Udachny,66.42,112.4,41.0,60,20,6.71,RU,1600898803
431,Tahoua,14.89,5.27,87.8,62,1,7.54,NE,1600898803
432,Pandan,14.05,124.17,80.74,80,100,4.92,PH,1600898803
433,São João da Barra,-21.64,-41.05,68.0,94,90,5.82,BR,1600898803
434,Gisborne,-38.65,178.0,64.99,64,96,5.99,NZ,1600898804
435,Narsaq,60.92,-46.05,39.2,41,100,4.7,GL,1600898804
436,Nome,64.5,-165.41,43.0,52,1,6.93,US,1600898643
437,Thunder Bay,48.4,-89.32,69.8,56,75,9.17,CA,1600898788
438,Kenora,49.82,-94.43,57.2,67,90,8.05,CA,1600898804
439,Mount Gambier,-37.83,140.77,42.8,93,40,11.41,AU,1600898804
440,Arman',59.7,150.17,43.29,64,51,9.4,RU,1600898805
441,Port Hawkesbury,45.62,-61.35,54.0,87,90,20.8,CA,1600898805
442,Lebu,-37.62,-73.65,51.57,76,0,16.24,CL,1600898805
443,Aksu,41.12,80.26,62.19,32,0,4.25,CN,1600898805
444,Mālūr,13.01,77.94,66.2,100,40,4.7,IN,1600898805
445,Santa Cruz de la Sierra,-17.8,-63.17,89.6,40,0,14.99,BO,1600898806
446,The Valley,18.22,-63.06,87.8,74,20,6.93,AI,1600898777
447,Keighley,53.87,-1.91,46.99,100,75,9.17,GB,1600898771
448,Junction City,39.03,-96.83,75.2,60,90,9.17,US,1600898749
449,Poso,-1.4,120.75,75.85,80,100,2.19,ID,1600898806
450,Ugoofaaru,5.67,73.0,81.77,79,96,14.03,MV,1600898806
451,Copiapó,-27.37,-70.33,57.2,76,90,12.75,CL,1600898743
452,Mbigou,-1.9,11.91,69.4,94,100,5.93,GA,1600898806
453,Kenai,60.55,-151.26,57.99,62,75,13.87,US,1600898807
454,Port Hardy,50.7,-127.42,57.2,93,75,9.17,CA,1600898807
455,Kokopo,-4.35,152.26,81.14,77,16,2.73,PG,1600898807
456,Meulaboh,4.14,96.13,76.24,87,100,7.43,ID,1600898807
457,Kruisfontein,-34.0,24.73,52.88,84,0,4.27,ZA,1600898807
458,Ilhéus,-14.79,-39.05,71.94,87,7,6.35,BR,1600898807
459,Charters Towers,-20.1,146.27,71.49,76,65,6.22,AU,1600898808
460,Yong Peng,2.01,103.07,72.63,94,95,3.69,MY,1600898808
461,Sidhi,24.42,81.88,76.59,89,100,8.99,IN,1600898808
462,Geraldton,-28.77,114.6,66.2,24,98,10.29,AU,1600898808
463,Delvinë,39.95,20.1,69.8,94,40,3.94,AL,1600898808
464,Fortuna,40.6,-124.16,82.0,39,1,9.17,US,1600898809
465,Front Royal,38.92,-78.19,78.01,49,1,4.7,US,1600898809
466,Swan Hill,-35.34,143.55,44.6,89,2,8.28,AU,1600898809
467,Recodo,6.95,121.96,77.0,94,75,2.24,PH,1600898809
468,Bāfq,31.61,55.41,62.67,30,0,3.11,IR,1600898809
469,Imeni Morozova,59.98,31.04,60.01,92,24,7.54,RU,1600898810
470,Baghmara,23.8,86.21,79.14,89,100,6.17,IN,1600898810
471,Santa Isabel Rio Negro,-0.41,-65.02,80.35,81,98,1.39,BR,1600898810
472,Makkah al Mukarramah,21.43,39.83,85.53,28,48,6.13,SA,1600898768
473,Mackay,-21.15,149.2,71.6,88,75,1.03,AU,1600898810
474,Karratha,-20.74,116.85,73.38,31,59,10.18,AU,1600898771
475,Brownsville,25.9,-97.5,93.2,49,40,11.41,US,1600898811
476,Ushumun,52.78,126.53,49.77,97,100,7.65,RU,1600898811
477,Viedma,-40.81,-63.0,56.12,39,0,15.7,AR,1600898811
478,Sittwe,20.15,92.9,81.09,85,100,7.63,MM,1600898811
479,Vanimo,-2.67,141.3,77.54,88,97,2.66,PG,1600898811
480,San Ramon,37.78,-121.98,87.8,27,1,12.75,US,1600898717
481,Bambous Virieux,-20.34,57.76,68.0,77,40,3.36,MU,1600898772
482,San Antonio,29.42,-98.49,82.99,58,20,9.17,US,1600898705
483,Elk Point,42.68,-96.68,84.0,48,1,17.22,US,1600898812
484,Conceição do Araguaia,-8.26,-49.26,80.83,67,88,4.68,BR,1600898812
485,Phan Thiet,10.93,108.1,76.39,85,56,5.17,VN,1600898812
486,Soyo,-6.13,12.37,74.61,85,97,8.7,AO,1600898812
487,Stepnyak,52.83,70.78,41.7,80,74,24.99,KZ,1600898813
488,Tezu,27.92,96.17,73.26,87,100,4.54,IN,1600898813
489,Balabac,7.99,117.06,82.58,77,100,14.25,PH,1600898813
490,Kampong Chhnang,12.17,104.55,77.05,86,25,2.53,KH,1600898813
491,San Miguel de Cozumel,20.51,-86.95,87.8,70,75,3.36,MX,1600898813
492,Barela,23.1,80.05,74.53,95,100,5.17,IN,1600898814
493,Río Cuarto,-33.13,-64.35,82.4,14,20,18.34,AR,1600898814
494,Pingliang,35.54,106.69,51.91,80,0,2.71,CN,1600898814
495,Seoul,37.57,126.98,64.4,63,90,6.2,KR,1600898719
496,Montepuez,-13.13,39.0,69.03,73,8,8.16,MZ,1600898814
497,Nizhniy Kuranakh,58.84,125.49,35.67,85,0,2.3,RU,1600898814
498,Mirny,62.54,113.96,37.4,69,22,4.47,RU,1600898815
499,Hazleton,40.96,-75.97,77.0,33,1,3.36,US,1600898815
500,Nioki,-2.72,17.68,74.88,90,100,3.4,CD,1600898815
501,Pandan Niog,6.23,120.56,83.7,70,100,3.0,PH,1600898815
502,Tapes,-30.67,-51.4,63.0,75,65,7.27,BR,1600898815
503,San Alberto,7.76,-73.39,82.99,77,100,1.79,CO,1600898816
504,Teresina,-5.09,-42.8,98.6,27,20,3.36,BR,1600898816
505,Parabel',58.7,81.48,39.43,94,100,10.56,RU,1600898816
506,Havøysund,71.0,24.66,50.0,81,75,26.4,NO,1600898816
507,Mabay,6.06,124.47,79.07,76,100,4.14,PH,1600898816
508,Tiarei,-17.53,-149.33,86.0,66,20,19.46,PF,1600898816
509,Kreminna,49.05,38.22,58.66,35,0,4.54,UA,1600898817
510,Saint-André-les-Vergers,48.29,4.05,64.4,82,54,10.29,FR,1600898817
511,Vitorino Freire,-4.07,-45.17,86.16,47,41,3.31,BR,1600898817
512,Spas,48.89,24.06,59.22,65,18,4.38,UA,1600898817
513,Launceston,-41.45,147.17,41.0,93,61,4.7,AU,1600898552
514,Eydhafushi,5.1,73.07,81.45,78,94,13.87,MV,1600898817
515,Ardakān,32.31,54.02,71.6,26,0,6.93,IR,1600898818
516,Bathsheba,13.22,-59.52,86.0,70,20,6.93,BB,1600898818
517,La Ronge,55.1,-105.28,62.6,48,20,9.17,CA,1600898809
518,Stawell,-37.05,142.77,38.71,95,33,7.25,AU,1600898818
519,Nara,34.69,135.8,73.4,78,75,3.36,JP,1600898818
520,Paamiut,61.99,-49.67,38.12,73,96,8.61,GL,1600898699
521,Kamaishi,39.27,141.88,63.34,79,100,15.17,JP,1600898819
522,Boguchany,58.38,97.45,48.15,87,100,3.76,RU,1600898819
523,Ambon City,-3.7,128.18,75.2,94,40,3.36,ID,1600898819
524,Iqaluit,63.75,-68.51,35.01,83,90,21.92,CA,1600898734
525,San Jose,37.34,-121.89,84.0,39,20,11.41,US,1600898705
526,Acapulco de Juárez,16.86,-99.89,87.8,74,75,8.05,MX,1600898819
527,Takaka,-40.85,172.8,59.0,93,1,10.0,NZ,1600898819
